{
  "1 Details" : {
    "transaction" : "1 Details",
    "sampleCount" : 56378,
    "errorCount" : 6395,
    "errorPct" : 11.343077,
    "meanResTime" : 25.88805917201743,
    "minResTime" : 2.0,
    "maxResTime" : 975.0,
    "pct1ResTime" : 53.0,
    "pct2ResTime" : 87.0,
    "pct3ResTime" : 160.0,
    "throughput" : 152.47847159115497,
    "receivedKBytesPerSec" : 1364.341950106019,
    "sentKBytesPerSec" : 16.633811375235297
  },
  "Add Review" : {
    "transaction" : "Add Review",
    "sampleCount" : 56350,
    "errorCount" : 6127,
    "errorPct" : 10.873115,
    "meanResTime" : 47.76173913043522,
    "minResTime" : 3.0,
    "maxResTime" : 1255.0,
    "pct1ResTime" : 92.0,
    "pct2ResTime" : 134.0,
    "pct3ResTime" : 223.0,
    "throughput" : 152.40439227565318,
    "receivedKBytesPerSec" : 2742.238089814802,
    "sentKBytesPerSec" : 39.0698953994699
  },
  "Login" : {
    "transaction" : "Login",
    "sampleCount" : 56394,
    "errorCount" : 7453,
    "errorPct" : 13.215945,
    "meanResTime" : 45.76415930772787,
    "minResTime" : 4.0,
    "maxResTime" : 1252.0,
    "pct1ResTime" : 112.0,
    "pct2ResTime" : 119.0,
    "pct3ResTime" : 181.9900000000016,
    "throughput" : 152.51060791679174,
    "receivedKBytesPerSec" : 3190.650044005276,
    "sentKBytesPerSec" : 52.367604502178374
  },
  "1 Home" : {
    "transaction" : "1 Home",
    "sampleCount" : 56404,
    "errorCount" : 7812,
    "errorPct" : 13.850081,
    "meanResTime" : 21.166601659456717,
    "minResTime" : 1.0,
    "maxResTime" : 1253.0,
    "pct1ResTime" : 41.900000000001455,
    "pct2ResTime" : 67.0,
    "pct3ResTime" : 132.0,
    "throughput" : 152.51909057477232,
    "receivedKBytesPerSec" : 911.3980098380006,
    "sentKBytesPerSec" : 15.269544516732646
  },
  "2 Login" : {
    "transaction" : "2 Login",
    "sampleCount" : 56399,
    "errorCount" : 7053,
    "errorPct" : 12.505541,
    "meanResTime" : 13.530151243816483,
    "minResTime" : 1.0,
    "maxResTime" : 1247.0,
    "pct1ResTime" : 38.0,
    "pct2ResTime" : 46.0,
    "pct3ResTime" : 88.9900000000016,
    "throughput" : 152.5266047354401,
    "receivedKBytesPerSec" : 694.0197738555231,
    "sentKBytesPerSec" : 20.069978990034212
  },
  "2 Review" : {
    "transaction" : "2 Review",
    "sampleCount" : 56350,
    "errorCount" : 5914,
    "errorPct" : 10.49512,
    "meanResTime" : 23.484117125111165,
    "minResTime" : 1.0,
    "maxResTime" : 1138.0,
    "pct1ResTime" : 47.0,
    "pct2ResTime" : 80.0,
    "pct3ResTime" : 156.0,
    "throughput" : 152.4060410671398,
    "receivedKBytesPerSec" : 1373.2677621245293,
    "sentKBytesPerSec" : 16.784928131153038
  },
  "3 Books" : {
    "transaction" : "3 Books",
    "sampleCount" : 56394,
    "errorCount" : 6704,
    "errorPct" : 11.88779,
    "meanResTime" : 18.814927119906315,
    "minResTime" : 1.0,
    "maxResTime" : 910.0,
    "pct1ResTime" : 40.0,
    "pct2ResTime" : 61.0,
    "pct3ResTime" : 114.0,
    "throughput" : 152.51349509416818,
    "receivedKBytesPerSec" : 1805.4818886590501,
    "sentKBytesPerSec" : 16.272942843273007
  },
  "Details" : {
    "transaction" : "Details",
    "sampleCount" : 56378,
    "errorCount" : 6395,
    "errorPct" : 11.343077,
    "meanResTime" : 25.888130121678685,
    "minResTime" : 2.0,
    "maxResTime" : 975.0,
    "pct1ResTime" : 53.0,
    "pct2ResTime" : 87.0,
    "pct3ResTime" : 160.0,
    "throughput" : 152.4780592029642,
    "receivedKBytesPerSec" : 1364.3382601522671,
    "sentKBytesPerSec" : 16.63376638798361
  },
  "1 Review" : {
    "transaction" : "1 Review",
    "sampleCount" : 56364,
    "errorCount" : 6127,
    "errorPct" : 10.870414,
    "meanResTime" : 24.31055283514295,
    "minResTime" : 2.0,
    "maxResTime" : 1235.0,
    "pct1ResTime" : 49.0,
    "pct2ResTime" : 82.0,
    "pct3ResTime" : 162.0,
    "throughput" : 152.4430813170407,
    "receivedKBytesPerSec" : 1369.3632118807777,
    "sentKBytesPerSec" : 22.291481569381563
  },
  "1 Login" : {
    "transaction" : "1 Login",
    "sampleCount" : 56403,
    "errorCount" : 7453,
    "errorPct" : 13.213836,
    "meanResTime" : 13.422140666276688,
    "minResTime" : 1.0,
    "maxResTime" : 980.0,
    "pct1ResTime" : 38.0,
    "pct2ResTime" : 42.0,
    "pct3ResTime" : 83.0,
    "throughput" : 152.53618485104172,
    "receivedKBytesPerSec" : 691.3834501253151,
    "sentKBytesPerSec" : 16.03042735580148
  },
  "Total" : {
    "transaction" : "Total",
    "sampleCount" : 394702,
    "errorCount" : 47458,
    "errorPct" : 12.023755,
    "meanResTime" : 20.089847530542247,
    "minResTime" : 1.0,
    "maxResTime" : 1253.0,
    "pct1ResTime" : 39.0,
    "pct2ResTime" : 40.0,
    "pct3ResTime" : 62.0,
    "throughput" : 1067.275608265598,
    "receivedKBytesPerSec" : 8208.009259564398,
    "sentKBytesPerSec" : 123.33554850373963
  },
  "Home" : {
    "transaction" : "Home",
    "sampleCount" : 56414,
    "errorCount" : 7812,
    "errorPct" : 13.847627,
    "meanResTime" : 21.18686850781718,
    "minResTime" : 1.0,
    "maxResTime" : 1253.0,
    "pct1ResTime" : 41.900000000001455,
    "pct2ResTime" : 67.0,
    "pct3ResTime" : 132.0,
    "throughput" : 152.513963459802,
    "receivedKBytesPerSec" : 911.3830003071826,
    "sentKBytesPerSec" : 15.269466345425986
  },
  "HTTP Request" : {
    "transaction" : "HTTP Request",
    "sampleCount" : 10,
    "errorCount" : 0,
    "errorPct" : 0.0,
    "meanResTime" : 135.0,
    "minResTime" : 10.0,
    "maxResTime" : 269.0,
    "pct1ResTime" : 268.2,
    "pct2ResTime" : 269.0,
    "pct3ResTime" : 269.0,
    "throughput" : 9.24214417744917,
    "receivedKBytesPerSec" : 60.57034138170055,
    "sentKBytesPerSec" : 1.0740382393715342
  }
}